1,1,250
1,2,0.3
1,3,2
1,4,0.5
1,5,1
1,6,1
1,7,
1,8,
1,9,3
1,10,0.5
2,11,80
2,12,30
2,13,1
2,14,2
2,15,15
2,16,5
2,17,5
2,18,5
2,8,10
3,19,1.5
3,20,1
3,21,0.25
3,22,
3,18,0.5
3,23,0.3
3,24,1
3,25,1
3,26,1
4,11,80
4,27,30
4,21,1
4,28,1
4,18,5
4,17,10
4,29,5
4,25,5
4,30,2
4,31,10
4,8,30
5,32,1
5,33,1
5,34,1
5,35,1
5,36,2
5,37,
6,11,70
6,27,30
6,38,20
6,14,1
6,21,1
6,30,2
6,25,5
6,18,5
6,28,1
6,8,30
6,29,5
6,17,5
7,39,100
7,21,1
7,40,2
7,25,5
7,41,40
7,42,15
7,17,10
7,31,5
8,43,100
8,44,1
8,28,3
8,45,2
8,46,8
8,47,
8,18,
8,30,
8,48,0.5
8,49,
9,50,150
9,11,20
9,51,2
9,12,10
9,14,1
9,52,0.25
9,41,20
9,53,2
9,21,1
9,40,1
9,25,5
9,17,5
9,29,5
9,16,5
9,8,10
9,18,5
10,36,3
10,54,2
10,33,2
10,17,0.5
10,25,
10,55,1
10,56,30
10,57,5
10,58,25
10,59,40
10,4,30
10,42,
10,60,0.5
10,61,10
10,21,1
10,28,1
10,36,1
10,62,0.5
10,10,1
10,54,1
10,63,1
10,64,2
10,36,2
11,65,1
11,6,1
11,66,2
11,52,1
12,67,5
12,11,30
12,27,15
12,38,20
12,14,1
12,21,1
12,30,1
12,25,15
12,18,5
12,29,5
12,28,1
12,8,20
12,54,5
12,17,5
13,68,90
13,69,1
13,8,10
13,70,40
13,71,40
13,2,40
13,72,30
13,73,10
14,74,1
14,75,0.5
14,76,2
14,71,3
14,2,0.5
14,77,1
14,78,1
14,18,
14,30,
14,37,
14,34,2
15,11,200
15,2,0.25
15,21,0.25
15,23,0.5
15,41,3
15,17,1
15,25,1
15,79,0.25
15,30,
15,36,3
15,80,1
15,81,2
15,82,5
16,39,500
16,36,500
16,83,3
16,13,1
16,28,3
16,84,1
16,85,3
16,47,1
17,86,200
17,18,
17,30,
17,47,
17,87,2
17,45,2
17,28,4
17,2,0.16
17,88,0.5
17,87,2
17,89,1
18,90,20
18,46,2
18,91,2
18,92,2
18,72,1
18,93,0.5
18,94,0.5
18,95,0.25
18,96,0.5
18,97,0.25
18,98,0.25
19,99,0.25
19,100,3
19,101,2
19,102,1
19,14,1
19,75,2
20,11,1
20,15,4
20,36,3
20,54,1
20,103,1
20,30,
20,17,1
20,104,1
20,73,0.5
20,19,2
20,14,2
20,105,1
20,67,1
20,6,
21,77,1
21,106,10
21,28,2
21,23,0.5
21,83,3
21,36,1
21,18,1
21,84,1
21,48,0.25
21,47,3
22,6,1
22,107,6
22,23,1
22,21,1
22,18,
22,54,1
22,30,
22,25,0.5
22,29,1
23,108,1
23,109,
23,110,
23,111,
24,112,1
24,41,20
24,21,1
24,28,2
24,15,40
24,17,10
24,29,5
24,25,15
24,30,2
24,8,10
25,27,100
25,106,30
25,113,1
25,13,0.5
25,114,10
25,28,1
25,25,5
25,18,5
26,6,1
26,2,20
26,73,20
26,19,20
26,115,70
26,116,1
26,18,
26,25,1
27,117,1
27,36,3
27,2,0.25
27,72,2
27,57,6
27,44,0.25
27,23,1
27,118,
27,119,2
27,15,1
27,24,0.5
28,120,1.5
28,105,2
28,13,1
28,121,1
28,2,0.25
28,8,
28,23,1
28,62,0.5
28,54,1
28,10,1
28,18,
28,30,
29,122,1
29,41,30
29,17,10
29,21,1
29,28,2
29,42,5
29,30,2
29,29,5
29,25,5
29,123,2
30,124,1
30,125,1
30,126,1
30,14,1
31,6,1
31,127,3
31,119,0.5
31,78,0.25
31,71,100
31,128,3
31,2,0.25
31,129,1
31,118,
32,130,350
32,8,
32,130,250
32,36,300
32,2,0.25
32,131,2
32,130,250
32,75,150
32,2,0.25
32,8,
33,112,1
33,18,5
33,41,5
33,17,10
33,25,15
33,29,5
33,24,10
34,132,3
34,133,1
34,134,1
34,23,1
34,36,5
34,8,
35,135,2
35,136,2
35,110,1
35,137,2
35,138,1
36,139,3
36,35,4
36,140,4
36,141,
36,14,1
36,142,1
36,8,
37,143,0.5
37,67,1
37,21,1
37,28,1
37,11,30
37,8,30
37,18,5
37,41,20
37,29,5
37,25,5
37,17,5
37,30,1
37,123,2
38,144,80
38,57,2
38,145,200
38,74,2
38,28,3
38,2,0.25
38,146,2
38,18,
38,30,
38,48,0.5
38,47,
39,147,120
39,12,20
39,21,1
39,28,1
39,11,30
39,8,30
39,41,50
39,29,5
39,25,5
39,17,5
39,30,1
39,123,2
40,148,2
40,75,200
40,74,100
41,76,1
41,149,0.6
41,6,1
41,2,0.25
41,61,2
41,25,1
41,26,
41,15,1
41,24,1
41,54,0.5
41,10,0.5
41,17,0.25
42,52,1.5
42,6,1
42,150,1
42,151,3
42,152,1
42,73,0.5
42,153,1
42,105,10
42,14,2
42,18,
42,30,
42,26,
42,25,
42,8,
42,154,2
42,26,
42,18,0.25
42,25,
42,18,0.25
42,25,
43,155,1
43,156,1
43,6,1
43,133,0.5
43,157,
44,158,150
44,133,60
44,11,30
44,21,0.5
44,28,1
44,41,5
44,25,5
45,61,1
45,36,1
45,159,1
45,18,0.3
45,6,1
45,18,0.25
45,25,1
45,26,0.5
45,44,0.5
45,8,
45,160,
46,161,1
46,156,0.6
46,162,1
46,21,0.5
46,163,1
46,164,2.5
46,25,1
46,165,1
46,23,0.5
46,24,0.5
46,18,
46,30,
47,166,1
47,166,1
48,167,1
48,14,1
48,168,1
48,132,1
49,158,100
49,11,20
49,67,1
49,21,1
49,28,1
49,41,10
49,29,5
49,30,1
49,25,10
49,165,10
50,6,1
50,105,2
50,44,1
50,4,2
50,67,3
50,2,0.5
50,73,0.5
50,75,150
50,169,1
50,35,1
50,30,
51,14,2
51,21,0.25
51,170,3
51,6,1
51,171,2
51,18,
51,172,2
51,16,1
51,17,0.5
51,64,0.5
51,36,0.5
52,173,1
52,18,
52,30,
52,10,1
52,37,
52,154,3
52,17,1
52,174,1
52,30,
53,175,3
53,73,0.25
53,2,0.25
53,21,1
53,176,1
54,177,1
54,178,
54,46,
54,179,1
54,180,2
55,181,1
55,6,1
55,182,1
55,35,1
56,71,4
56,6,1
56,73,0.25
56,2,0.25
56,113,2
56,126,1
56,54,1
56,18,
56,30,
56,8,
57,183,2
57,18,
57,184,1
57,47,8
57,2,0.25
57,46,5
57,185,6
58,147,100
58,18,5
58,24,10
58,17,10
58,16,5
58,21,1
58,28,1
58,29,5
58,42,5
59,186,2
59,187,20
59,93,1
59,188,3
59,189,
59,190,2
59,118,2
59,191,1
59,17,1
59,18,
59,30,
60,192,200
60,23,1
60,54,2
60,17,1
60,62,1
60,193,100
60,18,0.3
60,25,1
60,30,
60,194,1
60,16,1
60,8,
60,61,1
60,16,2
60,24,1
60,17,1
60,25,1
61,77,1
61,70,100
61,2,0.125
61,113,3
61,28,6
61,84,2
61,36,100
61,30,0.25
61,171,3
61,47,0.5
61,18,0.5
62,195,1
62,6,1
62,2,0.25
62,14,2
62,113,2
62,8,
62,36,0.5
62,41,2
62,17,2
62,10,1
62,30,
63,6,1
63,140,1
63,14,2
63,2,0.5
63,154,
63,37,
63,36,3
63,54,2
63,17,1
64,56,400
64,142,2
64,38,1
64,14,2
64,18,0.25
64,30,0.25
64,196,1
65,197,1
65,33,1
65,5,1
65,154,
65,198,1
66,199,2
66,64,
66,200,1
66,10,2
66,54,2
66,147,1
66,52,
66,8,
67,99,2
67,6,1.5
67,201,1
67,2,0.25
67,202,0.5
67,154,4
67,54,1
67,203,4
67,30,
67,18,0.25
67,25,0.5
68,14,4
68,204,1
68,52,1
68,54,1
68,17,0.5
68,30,
68,25,0.5
68,18,
68,8,
69,32,1
69,17,2
69,205,3
69,206,2
69,15,1.5
69,207,2
69,36,2
69,30,
70,57,15
70,6,1
70,10,1
70,18,
70,30,
70,2,0.5
70,37,
70,207,2
70,208,1.5
70,24,0.5
70,54,1
70,23,1
70,17,1
70,36,3
71,77,1
71,25,1
71,70,50
71,28,2
71,2,0.25
71,48,4
71,62,0.5
71,54,0.5
71,205,0.5
71,10,1
71,18,
71,30,
72,57,12
72,28,5
72,209,4
72,47,2
72,210,3
72,18,
72,30,
72,211,
73,6,1
73,212,1
73,128,4
73,14,1
73,18,
73,30,
73,8,
73,163,
74,57,5
74,213,300
74,214,1
74,215,2
74,216,1
75,217,250
75,143,20
75,88,3
75,218,3
75,104,1
76,2,2
76,6,1
76,21,0.3
76,107,4
76,54,1
76,25,1
76,18,
76,30,
76,219,
76,14,1
77,220,3
77,128,3
77,221,1
77,35,1
77,222,200
77,126,1
78,223,1
78,224,1
78,225,1
78,35,1
78,126,2
78,222,
79,6,1
79,201,0.5
79,226,2
79,227,1
79,8,
80,228,1
80,229,1
80,126,0.5
80,230,1
80,222,700
81,143,1
81,46,1
81,26,
81,27,1
81,231,4
81,75,1
81,18,0.25
82,232,100
82,11,1
82,5,1
82,113,5
82,24,
82,8,
82,54,2
82,17,1
82,23,
82,10,1
82,30,
82,25,
83,233,1
83,14,1
83,51,1
83,113,3
83,16,2
83,234,2
83,62,2
83,54,2
83,17,1
83,25,0.5
84,57,0.5
84,77,1
84,2,0.25
84,28,10
84,235,5
84,118,0.5
84,18,
84,30,
85,32,1
85,140,0.5
85,236,1
85,27,0.25
85,156,2
85,36,2.5
86,237,3
86,71,3
86,21,0.5
86,6,1
86,22,1
86,26,1
86,14,1
87,56,400
87,192,1
87,133,0.5
87,2,0.25
87,41,2
87,17,2
87,23,0.5
87,10,1
87,25,1
87,30,
87,15,1
87,24,1
87,17,0.5
87,238,2
87,16,2
88,139,4
88,239,1
88,35,1
88,186,0.5
88,240,12
89,77,1
89,49,60
89,45,1
89,47,3
89,18,1
89,30,
90,240,8
90,241,1
90,65,0.3
90,15,0.6
90,242,0.6
90,10,1
90,243,0.5
90,23,0.3
90,205,0.3
90,25,0.5
90,18,
90,26,
91,244,1
91,245,1
91,75,300
91,116,1
92,77,1
92,21,0.25
92,23,0.5
92,47,3
92,72,2
92,56,1
92,74,1
92,75,1
92,246,3
92,5,1
92,247,
92,37,
92,18,
92,30,
92,15,1
92,54,1
92,24,1
92,17,1
92,36,0.25
93,248,2
93,2,0.5
93,11,2
93,18,
93,30,
93,118,
93,35,2
93,154,
93,174,
94,77,1
94,21,0.5
94,23,1
94,47,5
94,249,80
94,48,5
94,235,5
94,250,
94,37,
94,54,3
94,10,2
94,17,1.5
95,251,100
95,190,2
95,118,1
95,23,1
95,182,6
95,6,2
95,25,1
95,60,70
95,15,2
96,252,80
96,253,3
96,62,2
96,23,0.25
96,8,2
96,254,1
97,6,1
97,226,2
97,21,1
97,14,2
97,23,0.5
97,25,
97,18,
97,30,
97,8,
97,113,2
97,127,
98,255,1
98,143,0.25
98,203,5
98,2,0.25
98,20,1
98,15,2
98,24,1
98,23,0.5
98,243,1.5
98,17,1
98,256,2
98,25,1
98,26,0.5
99,257,1
99,258,5
99,126,2
99,36,
100,249,100
100,14,2
100,67,1
100,10,1
100,18,
100,30,
100,259,1
100,54,2
100,47,2
100,16,1
100,17,1
100,23,0.5
100,26,0.5
100,30,
101,20,1
101,54,1
101,22,2
101,17,0.3
101,5,1
102,212,1
102,6,1
102,128,3
102,14,1
102,260,5
102,126,0.5
102,25,
103,261,1.5
103,262,200
103,143,0.25
103,186,0.25
103,16,1
103,26,
104,6,150
104,263,40
104,57,30
104,2,30
104,38,50
104,14,2
104,142,70
104,8,500
104,15,2
104,24,1
104,54,1
104,23,0.5
104,18,
104,30,
104,205,1
104,17,0.5
104,25,5
104,26,5
105,65,100
105,186,1
105,201,0.5
105,88,1
105,18,2
105,30,
105,118,0.5
106,264,1
106,265,1
106,266,1
106,238,
106,89,
107,6,1
107,14,2
107,21,0.5
107,18,
107,30,
107,25,
107,8,
108,267,80
108,268,40
108,269,10
108,34,5
108,97,5
108,270,5
108,271,55
108,8,
108,6,125
108,4,30
108,2,20
108,73,30
108,21,0.5
108,8,6
108,22,5
108,54,40
108,17,25
108,272,5
108,2,40
108,23,5
108,30,2
108,22,5
108,273,4
108,64,0.5
108,36,2
108,88,125
108,274,25
109,275,1
109,126,1
109,276,0.5
109,277,0.5
109,38,50
109,278,20
109,279,10
109,18,
109,30,
109,7,20
109,154,40
109,17,10
109,10,10
110,280,20
110,281,5
110,2,20
110,14,1
110,54,30
110,36,0.5
110,17,10
110,10,10
110,280,10
110,282,3
110,283,3
110,36,80
111,284,6
111,139,2
111,285,
111,286,
111,104,
112,32,1
112,156,1
112,2,0.25
112,76,2
112,71,2
112,21,1
112,54,0.5
112,24,1
112,287,2
112,25,1
112,30,
113,241,160
113,288,20
113,23,10
113,289,30
113,290,45
113,121,10
113,152,15
113,73,20
113,21,1
113,219,1
113,18,5
113,54,5
113,25,5
113,118,10
113,143,100
113,291,50
113,73,10
113,187,20
113,292,15
113,191,10
113,118,10
114,293,15
114,24,4
114,294,5
114,295,2
114,296,2
114,297,2
114,242,1
114,8,4
114,42,4
114,62,1
114,294,2
114,295,2
114,296,1
114,28,1
114,297,1
114,293,6
114,298,3
114,283,2
114,299,2
114,300,1
114,2,0.5
114,121,2
114,133,50
114,21,1
114,61,5
114,12,30
114,301,4
114,23,1
114,210,
114,302,1
115,139,2
115,47,2
115,46,1
115,2,0.3
115,231,0.25
115,188,
115,191,3
115,97,1
115,18,
115,30,
116,20,1
116,18,0.5
116,203,5
116,127,0.5
116,22,3
116,15,1
116,17,0.5
116,23,0.5
116,16,1
116,22,0.5
116,26,
117,303,1
117,36,600
117,14,1
117,143,
117,163,1
118,20,1
118,304,3
118,2,0.5
118,147,1
118,293,2
118,107,0.25
118,305,
118,36,3
118,165,1
118,10,0.5
118,23,2
118,42,0.3
118,23,0.16
118,163,0.5
118,113,0.5
118,54,0.5
118,17,0.25
118,16,0.5
118,93,1
118,153,3
118,306,
118,127,
118,29,1
118,25,2
119,307,1
119,304,3
119,2,0.5
119,147,1
119,293,2
119,107,0.25
119,305,
119,36,3
119,165,1
119,10,0.5
119,23,2
119,42,0.3
119,308,1
119,21,1
119,309,1
119,127,
119,29,1
120,310,1
120,21,0.5
120,140,0.3
120,6,1
120,14,1
120,25,1
120,62,0.3
120,17,0.3
120,24,0.25
121,56,200
121,311,1
121,17,1.5
121,54,0.5
121,23,0.5
121,10,1
121,194,1
121,6,1
121,2,0.3
122,312,2
122,35,1
122,6,1.5
122,16,3
122,17,3.5
122,18,0.25
122,201,0.5
122,52,1.5
123,313,0.25
123,314,1.5
123,265,
123,315,2
123,316,1
124,317,260
124,97,
124,203,5
124,45,1
124,47,
124,2,0.25
124,54,2
124,194,1
124,10,1
124,272,1
124,17,1
125,241,180
125,318,10
125,72,30
125,121,10
125,78,40
125,186,30
125,51,2
125,253,10
125,319,50
125,73,30
125,118,10
125,143,100
125,291,50
125,73,20
125,187,15
125,292,10
125,46,20
125,191,10
125,118,10
126,6,1
126,14,1
126,52,1
126,18,0.25
126,25,1
126,54,3
126,17,1.5
126,10,1
126,36,3
127,139,3
127,320,2
127,321,1
127,322,
127,323,1
127,17,0.5
127,14,1
127,324,
127,18,
128,32,1
128,15,1
128,207,3
128,54,0.5
128,17,1
128,205,3
128,36,1
128,26,
129,6,1
129,132,1
129,14,1
129,129,3
129,193,3
129,260,2
129,25,
129,202,2
129,325,3
129,154,
129,326,
129,45,1
129,127,
130,241,160
130,153,30
130,152,20
130,203,10
130,105,20
130,73,50
130,52,1
130,54,10
130,17,5
130,327,10
130,16,10
130,143,50
130,291,100
130,187,20
130,292,20
130,191,10
130,118,10
131,328,1
131,75,1
131,329,
131,330,4
131,265,1
131,17,1
131,331,1
132,156,3
132,202,75
132,154,1
132,325,2
132,6,1
132,129,0.6
132,25,
132,8,
132,119,0.5
132,15,0.5
132,24,0.5
133,332,0.5
133,321,1
133,75,1
133,104,1
134,241,180
134,289,50
134,73,50
134,94,40
134,290,28
134,27,20
134,242,20
134,187,10
134,22,10
134,2,10
134,143,100
134,73,50
134,291,100
134,187,10
134,191,10
134,118,10
135,143,100
135,94,80
135,291,80
135,46,80
135,78,50
135,187,35
135,292,30
135,118,30
135,191,20
135,333,1
136,334,2
136,335,2
136,203,1
136,118,1
136,291,2
136,2,0.25
136,186,0.5
136,94,0.5
136,88,0.25
136,207,1
136,154,2
136,121,0.25
137,44,3
137,45,0.5
137,230,3
137,336,4
137,333,1.5
137,306,
138,139,4
138,35,4
138,126,1
138,45,2
138,154,3
138,96,1
139,317,100
139,337,1
139,2,0.25
139,28,2
139,184,1
139,198,2
139,18,
139,45,1
139,74,1.5
139,146,
139,37,
140,14,2
140,2,0.25
140,78,40
140,241,3
140,34,1
140,338,0.3
141,6,1.5
141,52,2
141,35,
141,202,2
141,154,1
141,18,
141,30,
141,312,1
141,18,0.25
141,25,
142,291,6
142,14,1
142,339,2
142,186,0.25
142,143,0.3
142,35,1
142,8,
142,30,
143,6,1
143,44,0.5
143,2,0.3
143,21,0.5
143,163,1
143,8,1
143,15,1.5
143,36,1.5
143,54,0.5
143,24,1
143,10,1
143,272,1
143,17,
143,23,1
143,25,
143,30,
144,6,1
144,2,0.25
144,73,0.16
144,140,3
144,14,2
144,207,3
144,17,
144,18,
144,30,
144,8,
144,52,1
144,35,1
145,340,0.25
145,259,1
145,341,1
145,342,1
145,332,
146,343,60
146,319,0.5
146,2,0.25
146,344,100
146,82,8
146,61,0.25
147,345,1
147,346,0.2
147,162,0.5
147,347,1
147,21,0.5
147,163,1
147,164,2.5
147,242,2.5
147,15,0.5
148,348,15
148,2,0.3
148,163,1
148,73,0.16
148,219,
148,8,2
148,24,0.5
148,15,0.5
148,10,1
148,23,0.3
148,207,2
149,226,2
149,143,0.5
149,8,1
149,154,
149,7,
150,349,250
150,253,2
150,14,2
150,18,
150,30,
150,10,1
150,23,
150,8,
150,6,1
150,54,3
150,10,3
150,30,
150,23,0.3
151,350,2
151,17,1
151,16,2
151,54,2
151,113,
151,8,6
151,24,2
151,21,0.5
151,23,0.5
152,32,1
152,133,1
152,21,0.5
152,36,2.6
152,23,0.5
152,24,0.5
152,163,1
152,279,0.5
152,14,1
153,6,1
153,73,0.125
153,2,0.25
153,351,4
153,54,0.5
153,17,
153,18,
153,30,
153,25,
154,6,1
154,352,5
154,14,2
154,156,5
154,8,
155,353,1
155,354,6
156,317,260
156,92,3
156,46,5
156,2,0.25
156,118,1
156,355,0.5
156,18,
156,30,
156,154,5
156,2,1
156,356,1
156,97,0.5
156,17,1
157,357,1
157,32,1
157,14,1
157,21,0.5
157,24,0.5
158,202,1
158,21,0.5
158,6,1
158,52,1
158,15,1
158,54,0.5
158,17,0.3
158,35,1
159,140,1
159,6,1
159,52,
159,35,1
159,14,2
160,134,1
160,358,1
160,74,1.5
160,28,2
160,21,0.25
160,235,3
160,52,
160,18,
160,30,
161,321,1
161,231,0.5
161,342,2
161,332,1
162,349,2
162,6,1
162,9,4
162,10,2
162,23,1
162,18,
162,30,
163,275,150
163,38,50
163,36,0.5
163,51,4
163,61,20
163,14,1
163,13,0.3
163,18,
163,297,10
164,359,30
164,45,0.5
164,126,1
164,17,1
164,190,0.5
164,23,10
165,360,100
165,242,1
165,15,0.3
165,28,0.5
165,205,0.5
165,154,1
165,29,0.3
166,258,6
166,38,2
166,36,6
166,8,
167,6,1
167,153,1
167,115,1
167,152,2
167,14,2
167,52,1
167,18,0.3
167,25,1
168,134,1
168,150,1
168,14,1
168,38,5
168,44,1
168,154,
168,8,
169,11,100
169,18,0.25
169,30,
169,118,
169,6,1
169,361,3
169,2,0.25
169,9,3
169,7,
170,347,2
170,71,8
170,207,
170,96,
170,342,1
171,6,200
171,362,0.25
171,363,0.25
171,116,1
171,140,1
171,52,
171,18,
171,30,
171,14,
171,364,
171,142,
172,139,2
172,365,2
172,291,2
172,186,1
172,52,
172,35,1
172,93,3
172,2,0.25
172,356,2
172,154,3
172,17,0.3
172,18,
172,30,
173,11,200
173,305,1
173,18,
173,30,
173,47,
173,72,2
173,46,4
173,74,0.5
173,18,
173,174,
174,139,2
174,291,1
174,186,0.25
174,71,2
174,35,2
174,52,
174,154,
174,30,
175,192,1
175,216,1
175,93,1
175,319,
176,46,2
176,366,1
176,259,1.5
176,47,3
176,191,2
176,2,1
176,97,0.5
176,17,0.5
176,18,
176,30,
177,52,3
177,6,1.5
177,35,3
177,140,10
177,18,0.5
177,25,1
178,318,1
178,36,1
178,56,0.3
178,347,1
178,73,0.25
178,2,0.3
178,6,
178,52,
179,32,1
179,158,1
179,36,1.5
180,367,1
180,6,2
180,21,0.5
180,14,2
180,127,3
180,26,3
180,8,
181,368,1
181,245,1
181,21,0.25
181,28,2
181,8,
182,56,300
182,26,
182,54,3
182,17,2
182,10,1
182,23,1
182,21,0.25
182,25,2
182,30,
183,364,2
183,75,3
183,14,1
183,18,
183,8,
183,45,0.5
183,71,2
183,72,3
183,14,1
183,18,
183,30,
183,369,
184,197,1
184,133,1
184,258,6
184,26,
184,8,
185,370,1
185,371,1
185,372,0.5
185,2,0.25
185,163,1
185,47,2
185,54,
186,77,1
186,190,2.5
186,76,2
186,235,4
186,118,2
186,18,
186,30,
186,250,0.5
187,72,3
187,373,2
187,46,5
187,259,2
187,107,3
187,374,
187,250,
187,47,2
187,16,1
187,2,0.5
187,205,0.5
187,54,1
188,6,200
188,116,2
188,52,
188,375,
188,16,2
188,17,1.5
188,18,
188,14,3
188,200,3
188,10,1
188,18,
189,340,100
189,75,1
189,104,1
189,376,
190,139,2
190,126,1
190,116,1
190,71,2
190,259,1
190,46,2
190,45,1
191,6,1
191,258,5
191,41,1
191,129,0.5
192,377,3.5
192,265,1
192,314,1
193,139,2
193,378,2
193,322,
193,132,1
193,259,1
193,46,2
193,45,1
193,14,1
193,5,2
193,75,0.25
193,74,3
193,17,1
193,18,
193,379,6
193,380,2
193,179,1
194,139,1
194,231,
194,17,2
194,324,0.5
194,369,1
195,381,120
195,242,30
195,15,10
195,98,1
195,25,0.25
195,219,0.25
195,372,0.5
195,382,
195,7,0.16
195,18,
195,23,0.25
195,21,0.25
195,17,
195,107,2
196,377,3.5
196,383,2
196,36,2
196,75,1
196,384,1
196,218,1
197,139,1
197,14,1
197,154,2
197,18,
198,385,1
198,386,1
198,36,5
198,21,0.5
199,255,1
199,197,1
199,2,0.25
199,13,1
199,121,1
199,25,
200,387,1
200,222,2
200,14,2
200,388,1
200,21,0.5
201,6,1
201,389,2
201,115,1.5
201,153,1.5
201,156,0.5
201,306,
201,127,
201,25,2
201,10,2
201,36,3
201,17,0.3
201,25,0.3
201,26,0.25
202,390,1
202,2,0.25
202,28,5
202,71,3
202,118,
203,6,1
203,389,3
203,153,1.5
203,127,1
203,10,1
203,154,1.5
203,25,1
203,18,
203,26,0.5
204,391,1
204,357,1
204,258,3
204,21,0.25
204,36,500
205,77,1
205,392,1
205,235,4
205,28,3
205,2,0.25
205,146,3
205,118,2
205,18,0.5
205,18,
205,30,
205,37,
206,377,3.5
206,329,1
206,265,1
206,75,1
206,218,1
206,384,1
207,377,3.5
207,378,1
207,265,1
207,75,1
207,218,1
207,384,1
208,20,1
208,393,1
208,19,0.25
208,73,0.125
208,36,3
208,26,
208,394,5
208,15,0.5
208,25,1
208,30,
209,395,1
209,2,0.25
209,163,1
209,28,2
209,35,1
209,75,1
209,5,1
210,60,0.3
210,2,0.25
210,21,0.3
210,276,0.3
210,277,0.3
210,6,1
210,54,1
210,10,0.5
210,23,0.5
210,17,0.5
210,25,0.5
210,26,0.5
211,6,1
211,132,1
211,156,1
211,230,1
211,14,1
211,15,1
211,207,2
211,17,1
211,41,1
212,396,100
212,397,150
212,21,2
212,42,0.25
212,23,0.25
212,14,1
212,18,
212,30,
212,64,1
212,253,1
212,398,1
212,399,3
213,93,2
213,259,1
213,46,6
213,285,1
213,174,1
213,2,1
213,17,1
213,16,3
213,47,1
213,18,
213,30,
214,202,1개(100g)
214,2,0.5
214,14,2
214,6,1
214,164,2.5
214,400,0.5
214,10,0.5
214,17,3
215,77,1
215,44,0.25
215,72,3
215,28,2
215,2,0.25
215,74,1
215,7,0.5
215,146,3
215,48,0.5
215,198,
215,47,3
215,18,
215,30,
216,117,80
216,212,1
216,2,0.25
216,163,1
216,28,2
216,37,
216,47,
216,37,
216,18,
216,30,
216,47,3
217,258,5
217,401,1
217,21,0.25
217,2,0.16
217,8,
218,402,0.5
218,165,3
218,301,0.3
218,22,3
218,164,4
218,403,5
219,404,1
219,385,1
219,132,1
219,93,1
219,35,1
219,36,
220,405,300
220,268,1.5
220,21,2
220,8,
220,18,
220,30,
220,10,1
220,23,0.5
220,54,3
220,36,1
220,97,1
220,16,2
220,272,3
220,327,0.5
220,23,0.6
221,406,1
221,372,1
221,218,
222,407,1
222,140,4
222,35,1
222,408,0.5
222,409,1
222,14,2
222,75,
222,141,
222,319,30
222,73,0.125
222,143,0.125
222,154,3
222,207,3
223,6,1
223,2,0.3
223,156,0.5
223,140,3
223,17,0.6
223,287,2
223,15,0.6
223,29,1
223,25,1
224,410,1
224,411,1
224,319,0.5
224,21,1
224,36,2
224,15,1
224,24,1
224,17,2
224,54,3
225,6,1
225,317,90
225,57,10
225,389,1
225,170,10
225,19,0.25
225,412,10
225,290,10
225,14,1
225,306,5
225,413,2
225,17,1
225,16,1
225,36,1
226,156,1
226,6,1
226,2,0.25
226,140,3
226,23,0.5
226,36,1
226,45,1
226,35,1
226,18,
226,8,
227,6,1
227,414,1
227,349,100
227,8,3
227,24,
227,34,3
227,2,0.16
227,347,0.25
227,398,0.5
227,214,1
227,18,
227,30,
227,23,0.3
228,349,200
228,410,1
228,34,3
228,75,1
228,2,0.25
228,21,0.5
228,18,
228,30,
228,47,1
228,18,
228,30,
229,415,1
229,416,1
229,14,1
229,2,0.16
229,21,0.16
230,6,200
230,417,150
230,14,1
230,61,50
230,25,20
230,389,20
230,240,20
230,2,0.2
230,113,
230,21,2
230,2,150
230,28,4
230,54,50
230,42,10
230,17,30
230,272,30
230,36,1
231,418,2
231,329,1
231,36,6
231,75,1
232,179,4
232,17,3
232,75,1.5
233,419,3
233,259,2
233,239,5
233,231,3
233,2,2
233,16,2
233,205,1
233,47,2
233,18,
233,30,
234,75,180
234,36,2
234,383,2
235,6,1
235,71,3
235,420,1
235,2,2
235,21,1
235,421,1
235,26,1
235,54,1
235,24,1
236,6,1
236,2,0.25
236,140,0.25
236,21,0.25
236,73,0.125
236,8,
236,34,3
236,30,
236,18,
236,25,1
236,375,1
237,75,180
237,36,2
237,383,2
237,422,1.5
237,265,
237,423,
238,424,1
238,11,100
238,51,1
238,289,1
238,21,0.5
238,25,1
238,425,1
239,426,1
239,65,1
239,21,0.25
239,163,1
239,23,1
239,36,2
240,139,4
240,14,2
240,140,2
240,35,1
240,154,
240,378,2
240,45,3
240,18,
240,8,
241,321,1
241,427,1
241,14,0.5
241,45,1
242,32,0.5
242,428,1
242,158,0.5
242,14,1
242,21,0.5
243,429,1
243,34,2
243,2,0.25
243,73,0.125
243,347,1
243,14,1
244,6,1
244,202,1
244,14,2
244,2,0.5
244,154,
244,8,
244,154,3
244,2,1
244,18,
244,30,
244,54,2
244,205,2
244,10,2
244,113,
245,192,1
245,319,2
245,143,0.2
245,73,0.2
245,203,3
245,16,1
245,15,1.5
245,24,1
245,54,0.5
245,16,2
245,17,1
245,272,1
245,23,0.25
245,26,1
245,93,0.5
246,14,2
246,2,0.5
246,318,5
246,45,1
246,36,2
246,6,1
247,6,1
247,71,6
247,35,1
247,18,
247,30,
247,25,1
247,26,
248,14,2
248,6,1
248,41,1
248,25,2
249,6,1
249,4,2
249,67,4
249,289,5
249,430,0.25
249,276,0.5
249,431,0.25
249,2,0.25
249,171,1
249,84,1.5
249,26,
249,269,1
250,317,100
250,432,1
250,433,0.16
250,6,1
250,15,1.5
250,16,1
250,243,1
250,205,1
250,25,1
250,26,0.5
251,77,1
251,106,200
251,28,5
251,2,0.16
251,253,1
251,235,5
251,48,0.5
251,47,5
251,62,1
251,18,
251,30,
252,434,1
252,120,4
252,363,0.16
252,362,0.16
252,128,2
252,21,0.2
252,23,1
252,24,0.5
252,254,1
252,36,100
252,234,
252,41,1
252,311,0.5
252,62,1
252,435,0.5
252,17,1
253,6,1
253,249,100
253,2,0.16
253,23,0.5
253,289,30
253,78,30
253,399,0.3
253,436,1
253,18,
253,30,
253,47,2
254,133,1
254,6,1
254,73,0.25
254,67,0.5
254,21,1
254,14,1
254,127,
254,8,
254,26,
254,15,1
254,24,1
254,54,1
254,17,0.5
254,10,1
254,23,1
255,139,2
255,14,1
255,35,1
255,141,2
255,18,
255,30,
255,37,
256,245,5
256,2,0.5
256,83,3
256,14,1
256,6,1
256,437,1
256,36,0.5
256,171,1
257,323,1
257,383,2
257,36,2
257,321,1
258,438,1
258,14,1
258,75,4
258,126,1
259,38,3
259,45,3
259,75,1
259,35,1
259,18,
259,30,
259,37,
260,32,1
260,298,3
260,36,2.5
260,23,1
260,121,1
260,14,1
260,242,2
260,24,1
260,8,2
261,28,4
261,82,10
261,77,1
261,18,
261,30,
261,47,
261,439,4
262,343,190
262,2,0.25
262,61,20
262,6,1
262,26,
262,54,5
262,17,2
262,9,2
262,10,1
262,30,
263,36,1.5
263,440,1
263,88,1
263,441,2
264,77,1
264,242,2
264,72,2
264,71,2
264,2,0.16
264,28,2
264,75,2
264,74,1
264,250,3
264,30,
264,118,
265,410,1
265,226,2
265,154,1
265,30,
265,113,2
265,442,2
265,5,1
265,25,
265,26,
266,443,2
266,444,3
266,36,7
266,75,1
266,265,
267,88,2.5
267,314,1.5
267,104,2
268,139,2
268,138,6
268,109,3
268,45,1
269,204,180
269,14,1
269,131,0.5
269,21,0.2
269,52,
269,400,3
269,17,2
269,205,1
269,30,
269,25,1
270,445,2
270,2,3
270,73,3
270,6,1
270,10,1
270,62,0.5
270,54,0.5
270,26,0.5
270,25,1
271,446,250
271,2,0.16
271,23,0.5
271,57,80
271,78,
271,47,2
271,37,
271,74,1
271,75,1
271,250,2
271,24,0.5
271,54,1
271,17,0.5
271,18,
271,30,
271,113,2
272,383,2
272,36,2
272,75,0.5
272,74,0.3
272,17,1.5
273,6,1
273,231,1
273,101,3
273,17,1
274,447,1
274,4,0.5
274,21,0.5
274,2,0.25
274,73,0.16
274,14,1
274,6,1
274,25,0.5
274,26,0.5
274,54,1
274,62,0.5
274,10,1
274,30,
275,448,5
275,107,3
275,77,1
275,47,2
275,119,1
275,250,1
276,449,1
276,46,3
276,291,0.25
276,450,1
276,239,50
276,191,2
276,47,1
276,104,1
276,30,
276,18,
276,2,1
277,451,2
277,21,0.5
277,107,4
277,6,1
277,14,1
277,127,0.5
277,25,1
277,26,0.5
278,223,1
278,347,2
278,74,0.5
278,18,
278,30,
279,335,4
279,239,4
279,450,0.5
279,432,0.5
279,46,4
279,452,
280,298,0.5
280,14,2
280,21,1
280,6,1
280,41,0.5
280,18,
281,401,1
281,21,0.5
281,2,0.25
281,120,200
281,14,1
281,143,0.2
282,32,1
282,453,3
282,23,0.5
282,21,0.5
282,54,1
282,2,0.5
282,25,0.5
282,14,1
283,454,1
283,442,2
283,52,1
283,143,0.16
283,14,1
283,18,
283,10,1
283,8,1
283,400,1
283,7,0.3
284,455,300
284,456,14
284,203,3
284,31,1
284,54,1
284,17,0.5
284,25,
284,54,2
284,36,2
284,17,1
284,272,1
284,25,0.3
284,30,
285,457,1
285,75,1
285,104,1
285,292,
285,264,0.5
285,458,2
285,459,
286,460,1.5
286,75,1
286,444,2
286,36,3
286,331,1
286,459,
287,461,50
287,462,1
287,107,3
287,21,0.3
287,6,1
287,234,0.5
287,453,0.5
287,62,0.5
287,30,
288,75,500
288,378,4
288,378,3
288,463,2
288,464,5
288,465,
288,329,
288,218,
289,466,1
289,467,1
289,342,0.5
289,104,2
289,458,1.5
289,468,0.25
289,459,
290,139,4
290,141,2
290,319,100
290,356,2
290,325,2
290,115,3
290,154,2
290,207,2
290,347,1
290,93,1
290,17,2
290,154,3
290,18,
290,30,
291,44,0.5
291,2,2
291,94,1
291,325,3
291,129,1
291,469,
291,154,1
291,18,
291,45,0.2
291,17,0.25
292,223,1
292,401,1
292,14,1
293,470,1
293,276,0.5
293,277,0.5
293,143,0.3
293,176,1
293,65,1
293,327,1
293,16,2
293,18,0.25
293,17,0.25
294,410,1
294,268,0.5
294,471,2
294,17,3
294,324,0.5
294,8,
295,472,1
295,14,1
295,35,1
295,18,
295,30,
295,37,
296,473,1
296,2,0.5
296,143,0.3
296,276,0.25
296,285,
296,306,
296,474,1
296,15,0.3
296,311,0.5
296,17,0.6
296,62,0.6
296,222,2
296,435,1
296,234,0.3
297,120,200
297,6,1
297,10,1
297,163,1
297,475,
297,30,
298,476,2
298,5,1
298,107,2
298,21,1
298,477,1
298,163,1
298,143,0.25
298,113,2
298,25,1
298,26,0.25
298,36,0.3
298,10,2
298,54,3
298,205,1
299,378,2
299,75,200
299,222,0.2
299,444,2
300,478,1
300,36,200
300,18,
300,17,
300,479,
301,445,3
301,57,3
301,133,1
301,2,0.25
301,21,0.5
301,32,1
301,36,600
301,24,1
301,163,1
302,383,2
302,36,4
302,378,4
302,75,1
303,6,1
303,393,1
303,73,0.16
303,2,0.16
303,21,0.5
303,14,1
303,30,
304,480,2
304,222,1
304,481,0.6
304,265,5
304,465,250
304,482,
305,483,300
305,240,1
305,484,0.25
305,156,0.5
305,127,
305,26,1
305,470,1
306,132,2
306,77,1
306,46,5
306,107,4
306,18,
306,30,
306,47,3
306,23,0.5
306,107,4
306,37,
307,485,8
307,2,0.16
307,23,0.5
307,78,
307,47,2
307,37,
307,18,
307,113,2
307,121,0.3
307,74,1
307,75,0.6
307,24,0.5
307,54,1
307,10,1
307,30,
308,201,1
308,6,1
308,127,1
308,18,0.25
308,25,1
308,26,
309,444,2
309,486,1
309,378,2
309,265,7
310,223,1
310,99,1
310,38,5
310,268,1
310,36,0.5
310,8,
311,32,1
311,21,0.5
311,8,2
312,3,2
312,107,6
312,351,1
312,54,2
312,205,1
312,26,1
312,25,0.5
313,385,1
313,347,1
313,336,0.5
313,37,
313,18,
313,30,
314,487,4
314,264,0.5
314,321,0.5
314,488,0.5
314,104,1
314,458,2
314,489,0.5
314,88,1
314,87,
315,20,1
315,163,1
315,13,0.5
315,265,
315,442,0.5
315,36,0.5
316,410,1
316,65,100
316,2,0.16
316,73,30
316,45,1
316,34,6
316,347,1
316,74,0.3
316,18,0.3
316,30,
317,490,1
317,52,
317,147,5
317,113,3
317,7,
317,442,0.5
317,36,0.5
318,491,1
318,492,60
318,493,2
318,143,0.125
318,93,0.5
318,15,2
318,54,1
318,17,0.5
318,243,1
318,16,3
318,25,
318,494,
318,495,0.5
318,17,0.5
318,16,1
319,20,1
319,214,1
319,496,2
319,497,2
319,36,2
319,265,4
319,484,
319,93,0.5
319,186,0.5
319,18,0.3
320,498,0.5
320,321,0.6
320,468,0.5
320,75,1
320,458,2
320,459,
321,27,0.5
321,2,0.5
321,398,0.5
321,129,1
321,119,1
321,30,
321,18,
321,37,
322,325,6
322,202,1
322,2,0.25
322,499,1
322,51,1
322,14,1
322,159,1.5
322,36,1
322,8,5
322,9,
322,154,
322,113,
322,282,
323,11,300
323,46,3
323,92,3
323,72,2
323,14,1
323,119,1
323,47,3
323,37,
323,2,5
323,23,1
323,142,0.5
323,207,2
323,174,1
323,18,
323,30,
324,77,1
324,57,80
324,190,3
324,28,2
324,18,
324,30,
324,47,2
325,500,1
325,501,1
325,36,1
325,8,
325,21,0.2
325,121,
325,13,
325,357,3
325,318,1.5
325,202,0.5
326,14,2
326,27,0.25
326,2,0.16
326,398,0.25
326,46,5
326,45,1
326,30,
326,18,
327,6,1
327,351,0.5
327,107,3
327,21,0.25
327,10,1
327,8,
327,26,
327,54,0.5
327,8,
327,26,
328,139,2
328,140,2
328,35,1
328,474,2
328,502,2
329,17,2
329,503,
330,319,150
330,504,1.5
330,505,3
330,494,1.5
330,17,0.5
331,506,2
331,6,1
331,21,1
331,107,3
331,475,1.5
332,319,4
332,71,4
332,21,0.5
332,276,0.25
332,6,1
332,14,1
332,2,0.25
332,54,0.5
332,62,0.5
332,30,
333,507,500
333,134,1
333,14,1
333,21,0.2
334,139,1
334,128,4
334,126,1
334,35,1
334,154,2
334,17,1
335,186,1
335,2,1
335,11,
336,139,1
336,128,4
336,2,2
336,126,0.5
336,154,2
336,119,2
336,17,1
337,508,1
337,36,2.5
337,140,0.5
337,348,5
337,156,2
337,27,0.5
337,2,0.16
337,163,1
337,176,1
337,35,0.5
338,214,1
338,347,0.5
338,2,0.16
338,45,2
338,75,2
338,38,2
338,18,
338,30,
339,193,2
339,240,
339,203,
339,73,0.2
339,107,3
339,6,1
339,475,1
340,193,2
340,410,1
340,14,1
340,51,1
340,54,2
340,17,1
340,30,
341,77,1
341,509,80
341,28,2
341,2,0.16
341,71,2
341,74,2
341,177,
341,47,3
341,30,
341,18,0.5
342,510,1
342,36,3
342,2,0.25
342,21,0.2
342,28,2
342,129,0.5
343,6,1
343,511,0.3
343,512,1
343,143,0.25
343,430,0.125
343,276,0.125
343,240,1
343,203,1
343,160,3
344,32,1
344,36,350
344,14,1
344,35,1
344,113,
344,127,
345,32,1
345,193,1
345,2,0.25
345,319,
345,21,0.5
345,222,500
345,41,1
345,24,1
346,6,1
346,513,1
346,140,1
346,35,1
346,52,
346,16,2
346,17,1
346,18,
347,6,1
347,150,3
347,154,1
347,35,1
347,52,
347,207,1
347,18,
347,26,
348,32,1
348,162,8
348,57,3
348,274,1
348,2,0.3
348,163,1
348,21,0.25
348,36,3
348,23,0.5
348,54,1
348,24,1
349,143,1
349,18,
349,21,0.25
349,13,1
349,113,1
349,26,
349,54,2
349,18,
349,17,
349,36,2
349,25,0.6
350,514,1
350,515,1
351,516,1
351,164,5
351,517,2
351,518,1
351,14,1
351,165,2
351,18,0.5
351,30,
351,309,1
351,21,0.2
351,127,1
351,24,0.5
352,519,1
352,520,1
352,2,0.25
352,325,2
352,126,0.5
353,197,1
353,485,5
353,319,
353,73,
353,14,0.5
354,410,1
354,193,1
354,51,1
354,2,0.5
354,319,0.125
354,73,0.3
354,36,0.25
354,521,4
354,62,2
354,17,0.3
354,36,2
354,154,
354,5,1
354,282,0.5
355,116,2
355,139,1
356,321,1
356,27,100
356,261,1
356,522,2
356,104,1
357,32,1
357,21,0.2
357,523,1
357,2,0.25
357,36,300
357,15,1
357,24,1
357,17,1
357,10,1
357,23,0.5
358,6,1
358,2,0.16
358,140,0.5
358,156,1
358,14,2
358,8,
358,54,1
358,17,0.3
358,52,1
358,369,0.5
359,140,1
359,230,4
359,14,1
359,38,0.5
359,142,1
359,8,
360,524,1
360,65,100
360,2,0.25
360,319,1
360,21,0.2
360,41,1
360,10,1
360,23,
360,36,0.5
360,254,1
360,8,
361,32,1
361,525,1
361,21,1
361,222,500
361,14,1
361,24,0.5
361,163,1
362,330,8
362,75,100
362,104,2
362,141,2
362,526,2
363,197,1
363,319,2
363,65,1
363,527,
363,93,1
364,139,2
364,319,1
364,73,0.125
364,61,2
364,14,1
364,17,1
365,340,0.5
365,14,2
365,104,2
365,231,1
366,6,1
366,156,2
366,25,1
366,17,
366,528,30
366,153,1
366,127,2
366,389,3
366,400,1
366,10,
366,243,0.5
366,23,0.3
366,529,
366,25,
367,506,1
367,530,1
367,54,1
367,205,0.5
367,10,1
367,36,1
367,21,1
367,51,1
367,93,0.5
368,349,100
368,2,0.125
368,14,1
368,21,0.2
368,6,1
368,282,
368,113,2
368,200,0.5
368,54,2
368,17,1
368,10,1
368,30,
369,531,200
369,18,
369,30,
369,2,0.25
369,259,1
369,400,3
369,200,3
369,10,1
369,98,1
369,23,0.5
370,28,4
370,163,3
370,77,1
370,18,
370,30,
370,47,
371,36,550
371,32,1
371,156,1
371,45,1
371,36,2
371,127,
372,532,8
372,533,1
372,169,25
373,75,550
373,32,1
373,534,0.5
373,156,1
374,139,2
374,119,3
374,71,1
374,129,0.5
375,45,2
375,38,2
375,75,1.5
375,128,1
375,17,3
375,30,
375,37,
376,6,1
376,57,10
376,73,2
376,21,2
376,362,1
376,14,2
376,75,3
376,23,0.5
376,18,
376,30,
376,10,1
376,36,0.5
376,207,3
376,205,0.5
376,15,0.25
376,24,0.25
376,10,2
377,535,1
377,162,0.5
377,44,0.5
377,36,0.5
377,14,1
377,21,0.16
377,2,1
377,21,1
377,120,2
377,8,
377,17,1
377,18,1
377,34,1
377,36,2
378,241,1
378,531,80
378,143,20
378,201,0.25
378,94,0.25
378,259,1
378,306,
378,113,1
378,154,3
378,7,0.5
378,97,1
378,389,1
378,17,
378,30,
379,6,1
379,2,2
379,156,3
379,140,0.5
379,129,1
379,26,0.5
380,6,0.6
380,52,1
380,65,80
380,484,0.16
380,115,2
380,2,0.125
380,240,2
380,154,3
380,174,1
381,6,0.6
381,52,1
381,319,2
381,536,1
381,537,2
381,154,1
382,348,12
382,6,1
382,2,0.5
382,94,1
382,8,
382,30,
382,26,
382,54,1
382,17,1
382,207,2
382,15,1
382,23,1
382,36,0.25
383,390,1
383,519,1
383,236,1
383,230,2
383,129,1
384,536,1
384,2,0.125
384,14,1
384,21,0.2
384,6,1
384,282,2
384,113,2
384,200,0.5
384,54,2
384,17,1
384,10,1
384,30,
385,60,50
385,268,0.5
385,14,1
385,21,1
385,8,
386,538,200
386,437,2
386,26,2
386,24,1
386,25,0.5
387,333,1
387,36,100
387,539,1
387,105,2
387,199,3
387,6,3
387,317,2
387,78,10g(작은송이2개)
387,6,3
387,65,0.3
387,158,1
387,19,3
387,540,4
388,541,1
388,274,1
388,2,0.5
388,54,1
388,62,1
388,17,1
388,23,1
388,25,
388,10,3
388,36,0.5
389,20,1
389,542,3
389,543,
389,17,0.5
389,16,1
389,143,0.2
389,93,0.5
390,426,1
390,506,0.6
390,2,1
390,36,3
390,8,
390,41,2
390,205,1
390,10,1
390,30,
390,93,0.5
390,51,1
390,113,
391,4,2
391,357,1
391,36,500
391,437,1
391,18,0.25
391,14,1
392,202,1
392,401,1
392,128,3
392,36,3
392,143,
393,106,150
393,268,1
393,142,1
393,8,3
393,400,1
393,16,1
393,17,0.5
393,113,1
393,494,
394,11,120
394,6,1
394,2,0.25
394,73,0.16
394,21,2
394,77,1
394,75,1
394,116,1
394,250,1
394,54,4
394,17,1
394,23,1
394,10,2
394,25,1
394,30,
395,544,1
395,77,1
395,107,5
395,2,0.5
395,71,3
395,18,
395,30,
395,74,1
395,250,2
395,163,1
395,37,
396,176,1
396,73,0.16
396,65,1
396,21,0.125
396,545,2
396,546,6
397,547,1
397,35,2
397,230,2
397,37,
398,32,1
398,2,0.25
398,46,6
398,14,1
398,163,1
398,21,0.25
398,36,3
399,119,0.6
399,132,0.5
399,34,0.6
399,18,
399,14,1
399,129,
399,335,0.5
399,37,
400,548,30
400,133,
400,21,0.25
400,36,1
400,437,1
401,549,15
401,14,2
401,6,1
401,113,1
402,136,2
402,135,2
403,139,2
403,550,1
404,32,1
404,203,10
404,21,0.25
404,36,2.6
404,163,1
404,24,0.5
404,23,0.5
405,6,1
405,258,4
405,2,0.5
405,14,1
405,113,
405,8,
405,54,3
405,17,1
405,10,2
405,36,0.5
406,551,2
406,75,0.25
406,552,1
407,401,1
407,14,1
407,35,1
407,8,
407,143,0.25
407,36,3
408,171,1.5
408,437,1
408,129,2
408,347,1
408,46,3
408,78,20
408,2,0.5
408,72,1
409,506,2
409,6,1
409,240,2
409,203,2
409,493,3
409,553,0.5
409,73,0.16
409,475,
409,25,
409,18,
409,99,2
409,8,
410,554,10
410,18,
410,30,
410,38,0.5
410,14,1
410,409,1
410,8,3
410,555,3
411,556,1
411,163,4
411,36,2
411,154,
412,557,1
412,32,1
412,21,0.2
412,36,2.5
413,220,1
413,45,2
413,126,1
414,11,120
414,6,1
414,2,0.25
414,73,0.16
414,21,2
414,2,0.5
414,129,1
414,54,4
414,17,1
414,23,1
414,10,2
414,25,1
414,30,
415,357,1
415,258,3
415,21,0.25
415,52,0.25
415,14,1
415,558,1
415,36,500
415,18,
416,559,2
416,14,1
416,140,2
416,35,1
416,8,
417,560,1
417,6,1
417,561,2
417,36,1.5
417,127,
417,413,
418,6,1
418,348,120
418,14,2
418,2,0.5
418,154,
418,8,
418,41,3
418,10,2
418,205,2
418,30,
418,113,1
419,32,1
419,75,1
419,2,0.25
419,116,1
419,250,1
419,71,3
419,18,
419,30,
420,161,1
420,21,1
420,299,0.5
420,163,1
420,562,1.5
420,41,2
420,23,0.5
420,36,1
420,15,1
420,24,1
421,46,7
421,61,40
421,240,2
421,2,0.25
421,6,1
421,41,3
421,24,1.5
421,16,1
421,23,1
421,243,1.5
421,25,1
421,26,
422,2,1
422,75,2
422,563,3
422,504,2
423,147,200
423,437,1.5
423,268,6
423,36,50
423,171,
424,564,2
424,20,1
424,437,1.5
424,36,3
424,28,2
424,171,1
425,223,1
425,14,2
425,36,0.3
425,35,1
425,126,1
426,565,1
426,139,2
426,35,2
427,410,1
427,2,0.5
427,21,0.5
427,73,0.3
427,56,
427,113,
427,54,3
427,17,0.5
427,36,0.5
427,64,0.5
427,36,1
427,30,
427,25,
428,176,1
428,71,3
428,319,3
428,2,0.25
428,28,3
428,14,1
428,8,
428,282,
428,521,3
428,205,1
429,560,4
429,154,4
429,17,1
429,335,0.5
429,37,
430,386,1
430,347,2
430,203,4
430,163,1
430,301,4
430,36,3.5
431,77,1
431,119,2
431,71,2
431,72,1
431,2,0.3
431,28,4
431,18,
431,47,
431,36,
431,37,
432,139,3
432,45,3
432,23,1
432,104,1.5
432,116,3
432,75,5
432,37,
433,72,7
433,23,1.5
433,47,0.6
433,18,
433,30,
433,335,1
433,250,
433,37,
434,139,2
434,409,2
434,14,2
434,75,2
434,17,0.5
434,18,
434,8,
435,223,1
435,75,1.5
435,35,1
435,71,2
435,8,
435,2,0.5
435,28,3
435,36,
435,113,
436,139,2
436,21,1
436,45,3
436,104,2
436,126,1
437,434,0.5
437,2,0.5
437,186,0.5
437,47,
437,18,
437,30,
437,335,0.5
437,45,1
437,47,1
437,16,1
437,17,1
438,298,1
438,8,2
438,23,1
438,17,1
438,18,0.3
438,153,2
438,566,2
438,52,1
438,154,
438,6,1
438,18,
438,25,1
439,27,0.5
439,71,6
439,174,
439,207,
440,77,1
440,567,5
440,71,3
440,107,3
440,47,
440,568,
440,18,
441,140,1
441,14,1
441,203,6
441,38,0.5
441,8,
442,139,2
442,45,3
442,17,2
443,258,4
443,2,0.5
443,163,1
443,21,0.25
443,4,0.5
443,60,0.5
443,569,2
443,24,3
443,41,2
443,23,1
444,570,1
444,126,1
444,119,3
444,128,2
444,140,2
444,2,0.25
444,431,0.25
444,276,0.25
445,14,1
445,6,1
445,571,2
445,165,0.5
445,18,0.5
445,25,1
445,219,1
445,299,8
445,572,1
445,36,4
446,139,2
446,14,1
446,140,2
446,35,1
446,207,
446,8,
447,401,1
447,223,1
447,16,1
447,30,
447,24,
448,11,200
448,21,4
448,2,0.25
448,6,1
448,45,1
448,18,
448,30,
448,23,0.5
448,54,2
448,10,2
448,573,3
449,139,2
449,8,
449,35,2
449,129,3
449,45,2
449,23,1
449,17,0.5
449,37,
450,32,1
450,2,0.25
450,430,0.25
450,362,0.25
450,348,7
450,8,
450,36,0.5
450,33,0.6
450,207,4
451,574,200
451,18,
451,30,
451,87,1
451,45,1
451,107,2
451,575,250
451,573,3
451,18,
451,30,
451,178,5
451,450,1
452,32,1
452,2,0.25
452,133,1
452,163,2
452,113,
452,33,1
452,54,2
452,17,2
452,16,2
452,36,1
453,485,7
453,8,
453,21,4
453,41,1
453,17,1
453,24,1
453,25,0.5
453,23,0.5
453,494,
454,139,3
454,141,2
454,174,2
454,140,2
454,116,2
454,45,1
454,14,1
455,276,1
455,264,0.5
455,576,1
455,276,1
455,186,1
455,576,1
455,277,1
455,577,1
455,576,1
455,578,1
455,579,2
455,576,1
455,276,1
455,580,10
455,576,1
456,6,1
456,201,0.5
456,226,1
456,25,1
456,14,1
456,127,
456,219,
456,30,
456,8,
457,335,0.25
457,2,0.25
457,276,0.3
457,277,0.3
457,578,0.3
457,19,0.16
457,581,3
457,8,
457,126,1
457,119,0.5
458,350,10
458,14,1
458,21,0.25
458,23,0.5
458,165,0.5
458,18,
458,164,400
458,13,0.25
459,193,200
459,2,0.5
459,21,1
459,6,1
459,8,
459,17,1
459,54,0.5
459,10,1
459,242,1
459,23,0.5
459,205,1
459,25,1
459,36,2
460,32,1
460,36,
460,75,2
460,21,1
460,24,1
461,6,1
461,582,2
461,21,0.5
461,298,
461,57,0.5
461,14,1
461,562,2
461,583,
462,77,1
462,120,80
462,2,0.25
462,47,1
462,119,1
462,207,1
462,36,300
462,23,1
462,30,
462,37,
463,6,1
463,584,2
463,21,1
463,18,
463,8,
464,6,1
464,107,4
464,8,3
464,23,1
464,45,0.5
464,54,1
464,18,
465,20,1
465,36,
465,143,0.25
465,2,0.25
465,585,1
465,15,2
465,24,1
465,41,1
465,23,1
465,16,3
465,17,2
465,25,3
465,26,1
465,163,0.5
466,32,1
466,27,1
466,36,600
466,18,0.5
466,17,1
466,586,1.5
466,219,5
466,143,
466,46,
467,134,1
467,587,1
467,265,
467,36,1.5
467,17,1
467,16,1
467,113,
467,182,
468,240,8
468,73,0.16
468,156,0.5
468,6,1
468,25,1
468,15,1
468,17,0.5
468,25,1
468,14,1
469,588,150
469,36,3
469,21,0.5
469,249,60
469,70,0.5
469,51,0.5
469,67,1
469,24,1
469,24,1
469,23,0.5
469,8,1
469,25,1
470,430,0.5
470,276,0.5
470,362,0.5
470,4,0.5
470,107,5
470,118,2
470,18,
470,30,
470,65,1
470,452,
471,57,7
471,23,2
471,45,2
471,37,1
471,30,
471,18,
472,506,2
472,6,1
472,156,1
472,21,1
472,54,1
472,24,0.5
472,15,0.5
472,30,
472,17,0.5
472,25,0.5
472,127,
473,6,1
473,27,0.5
473,21,0.5
473,298,
473,163,1
473,17,0.16
473,562,1
473,16,1
474,491,1
474,470,1
474,36,
474,265,
474,143,
474,93,0.5
474,493,
474,589,
474,16,
475,11,200
475,107,4
475,6,1
475,21,1
475,2,0.25
475,47,1
475,45,1
475,30,
475,573,2
475,62,1
475,14,1
475,113,1
476,139,2
476,259,1
477,77,1
477,2,0.5
477,107,4
477,163,1
477,71,3
477,47,2
477,54,2
477,17,1
477,25,1
478,32,1
478,36,3
478,474,1
478,21,1
478,24,1
479,6,1
479,2,0.25
479,72,3
479,18,
479,30,
479,47,2
479,45,1
479,75,1
479,250,1
479,129,0.5
479,113,1
480,11,120
480,335,0.5
480,2,0.25
480,73,0.25
480,21,2
480,291,
480,25,1
480,118,1
480,129,
480,36,1
480,54,1
480,17,0.5
480,23,3
480,2,0.5
480,372,0.5
480,297,
481,11,120
481,204,1
481,2,0.25
481,73,0.25
481,21,2
481,291,
481,25,1
481,118,1
481,36,1
481,54,1
481,17,0.5
481,23,3
481,2,0.5
481,372,0.5
481,297,
482,11,120
482,6,1
482,2,0.25
482,73,0.25
482,21,2
482,291,
482,25,1
482,118,1
482,36,1
482,54,1
482,17,0.5
482,23,3
482,2,0.5
482,372,0.5
482,297,
483,77,1
483,212,1
483,119,0.5
483,107,3
483,163,1
483,2,0.25
483,47,1
483,37,
484,590,1
484,6,1
484,432,1
484,160,
484,25,1
484,219,
485,590,1
485,591,1
485,33,1
485,36,
485,21,0.3
485,93,0.5
486,6,1
486,14,1
486,54,1
486,25,0.5
486,219,0.5
486,113,1
487,139,2
487,140,1
487,35,1
487,325,2
487,14,1
487,45,1
487,592,2
487,154,1
487,205,1
487,17,0.5
488,32,1
488,36,
488,447,7
488,2,0.25
488,76,3
488,45,1
488,35,2
488,75,1.5
488,18,
488,30,
488,37,
489,489,0.5
489,238,1
489,265,1
489,218,
490,77,1
490,107,4
490,45,1
490,203,50
490,250,0.25
490,187,5
490,47,0.25
490,23,1
490,18,0.25
490,30,
491,203,10
491,6,1
491,18,
491,25,1
491,202,0.5
491,242,2
491,15,1
491,25,1
491,219,1
492,411,1
492,14,1
492,73,20
492,113,2
492,18,
492,38,1
492,163,1
493,593,1
493,127,
493,54,1
493,17,1
493,25,1
493,113,1
494,6,1
494,151,
494,71,6
494,25,1
494,219,1
495,77,1
495,186,0.5
495,132,2
495,2,0.5
495,119,1
495,36,500
495,23,1
495,37,
496,476,1
496,21,1
496,2,0.25
496,12,0.5
496,73,0.16
496,163,1
496,15,2
496,24,1
496,54,1
496,16,3
496,10,2
496,17,1
496,23,0.5
496,219,1
497,312,90
497,6,1
497,2,30
497,94,0.25
497,14,1
497,113,2
497,62,2
498,173,0.25
498,10,1
498,45,2
498,18,
498,30,
498,54,2
498,10,2
498,36,2
498,17,1
498,23,0.5
498,88,0.5
498,113,1
499,411,300
499,2,0.25
499,21,1
499,219,0.5
499,6,1
499,15,1
499,24,1
499,23,0.5
499,54,0.5
499,10,1
499,205,1
499,36,1
499,14,1
499,113,1
500,6,1
500,153,30
500,116,1
500,182,1
500,25,1
500,219,1
501,330,15
501,342,2
501,265,0.5
501,74,
501,322,
502,560,1.5
502,77,1
502,2,0.25
502,107,4
502,45,2
502,75,5
502,54,1
502,52,
503,78,50
503,347,0.5
503,2,0.25
503,45,1
503,75,1
503,36,1
503,30,
503,116,1
503,250,1
503,594,1
503,129,2
503,18,
504,506,100
504,64,2
504,319,50
504,60,30
504,6,1
504,18,
504,30,
504,154,2
504,54,1
504,10,2
504,113,1
505,74,80
505,17,1
505,595,1
505,75,200
505,444,2
505,222,
505,482,
506,523,1
506,2,0.25
506,21,1
506,6,1
506,54,1
506,62,1
506,25,1
506,219,0.5
506,14,1
507,596,50
507,597,50
507,598,50
507,25,1
507,6,1
507,15,4
507,448,2
507,10,1
507,17,1
507,30,
507,36,0.25
507,14,1
508,464,1
508,315,1
508,265,1
508,75,1
508,74,
509,77,1
509,21,2
509,71,3
509,107,4
509,2,0.25
509,45,1
509,75,200
509,116,2
509,18,
509,30,
509,235,2
509,250,
509,37,
510,6,1
510,325,3
510,15,1
510,17,1
510,10,1
510,54,0.5
510,23,0.25
510,36,2
510,30,
510,583,1
511,6,1
511,140,0.5
511,2,0.5
511,14,1
511,54,2
511,17,1
511,10,1
511,36,50
511,113,1
512,197,1
512,212,0.5
512,156,0.5
512,17,1
512,25,1
512,143,0.2
513,333,2
513,45,2
513,104,1
513,17,2
513,18,
513,75,0.5
514,164,500
514,14,4
514,21,1
514,2,40
514,64,1
514,36,20
514,165,0.5
514,23,0.25
514,30,
514,163,0.5
515,139,1
515,14,1
515,75,100
515,18,
515,17,0.5
515,45,0.2
515,104,1
516,485,8
516,36,3
516,6,1
516,54,2
516,25,
516,127,
517,2,1
517,14,1
517,6,1
517,272,1
517,54,2
517,10,1
517,25,1
517,219,0.5
517,113,1
518,6,1
518,325,3
518,156,2
518,2,1
518,140,2
518,8,1
518,25,1
518,129,1
518,15,1
518,207,1
518,205,1
519,541,1
519,6,1
519,54,2
519,238,2
519,2,0.5
519,14,1
520,333,1
520,36,0.3
520,75,250
520,104,
520,324,
521,583,2
521,36,1
521,17,3
521,444,1
522,75,1
522,599,3
522,315,1
522,265,1
523,14,3
523,8,
523,14,1
523,38,0.5
523,142,1
523,120,200
523,600,2
523,38,1
523,18,
523,30,
524,113,1
524,8,0.25
524,20,1
524,54,2
524,62,1
524,17,0.5
525,14,2
525,199,90
525,113,1
525,35,1
525,6,1
525,18,
525,30,
525,25,1
525,219,
525,54,1
526,292,1
526,601,4
527,485,10
527,119,1
527,129,1
527,37,
528,39,400
528,2,0.5
528,28,3
528,163,1
528,47,
528,119,0.5
528,94,1
528,46,6
528,146,1
528,30,
529,602,150
529,6,1
529,203,3
529,240,3
529,73,300
529,15,1
529,17,0.5
529,23,0.25
529,219,0.5
529,16,1
529,26,0.5
529,25,0.5
529,21,0.5
530,20,1
530,156,1
530,15,1
530,24,0.5
530,54,1
530,17,1.5
530,25,0.5
530,143,
531,6,1
531,603,1
531,506,100
531,21,1
531,54,1
531,604,2
531,24,0.5
531,25,0.5
531,127,
531,5,1
532,6,0.5
532,14,2
532,36,100
532,140,0.5
532,21,1
532,129,0.5
532,35,0.5
532,54,0.5
532,18,
532,30,
533,77,1
533,75,1
533,74,1
533,568,0.3
533,2,0.25
533,71,3
533,28,2
533,30,
533,18,
533,45,0.5
533,37,
534,161,1
534,36,3
534,347,0.5
534,2,0.25
534,19,0.25
534,21,0.25
534,163,1
534,15,1
534,242,1
534,23,0.5
534,24,1
534,165,1
535,20,1
535,19,0.16
535,73,0.16
535,2,0.25
535,14,1
535,462,1줌(15마리)
535,36,6
535,283,1
535,147,300
535,2,0.5
535,54,3
535,24,1
535,121,1
535,36,2
535,23,0.25
535,17,1
535,10,1
535,219,1
535,25,
536,20,1
536,393,1
536,156,0.5
536,15,1
536,16,2
536,25,1
536,219,
537,318,1
537,65,120
537,347,1
537,73,0.5
537,2,0.5
537,36,800
537,128,3
537,45,1
537,6,1
537,14,1
537,129,1
537,30,
538,32,1
538,44,0.5
538,447,0.5
538,21,2
538,133,1
538,8,3
538,24,1
538,36,550
538,194,1
538,163,1
539,77,1
539,119,300
539,28,3
539,57,10
539,44,0.5
539,39,10
539,194,2
539,2,0.25
539,72,4
539,605,3
539,235,3
539,18,0.25
539,30,
539,118,2
539,48,400
540,606,1
540,6,1
540,129,0.6
540,119,0.6
540,336,0.5
540,15,1.5
540,25,1
541,32,1
541,8,3
541,205,3
541,17,1
542,65,0.5
542,21,0.2
542,23,0.5
542,2,0.3
542,346,0.125
542,67,2
542,14,1
542,6,1
542,309,
542,36,130
542,283,1
542,282,0.5
542,17,1
542,54,2
542,10,1
542,30,
543,65,120
543,2,0.5
543,14,2
543,6,1
543,23,0.5
543,194,1
543,18,
543,30,
543,54,2
543,205,1
543,10,1
543,154,1
543,113,2
544,77,1
544,18,0.25
544,47,1
544,28,5
544,235,4
544,47,2
544,18,
544,30,
544,37,
544,250,
544,48,5
545,46,20
545,2,3
545,47,2
545,191,2
545,205,1
545,97,1
545,188,0.25
545,18,
545,30,
546,65,120
546,2,0.25
546,607,0.25
546,72,3
546,23,0.5
546,6,1
546,194,1
546,54,1
546,207,2
546,18,
546,30,
546,129,1
546,45,2
546,38,2
546,75,200
546,18,
546,30,
546,37,
547,6,1
547,389,2
547,156,3
547,140,1
547,115,3
547,153,3
547,127,3
547,306,0.5
547,14,1
547,194,1
547,25,1
547,15,1
548,112,70
548,32,1
548,133,1
548,21,0.2
548,163,1
549,32,1
549,21,0.5
549,14,2
550,608,1
550,411,1
550,319,0.5
550,21,1
550,36,2
550,15,1
550,24,1
550,17,2
550,54,3
551,609,3
551,17,2
551,74,4
551,75,200
551,265,3
551,465,
551,609,
551,610,
552,611,1
552,563,1
552,28,6
552,612,4
552,613,1
552,36,2000
552,21,0.2
552,194,4
552,18,.
552,540,6
552,614,5
553,35,2
554,6,1
554,2,3
554,156,0.5
554,140,1
554,17,0.6
554,287,2
554,15,0.6
554,219,1
554,25,1
555,426,1
555,133,1
555,615,1
555,21,0.2
555,163,1
555,6,1
555,61,0.5
555,24,2
555,165,0.5
555,562,0.5
555,23,0.5
555,23,0.3
555,30,
555,301,2
556,393,2
556,6,1
556,45,1
556,616,2
556,14,2
556,75,2
556,617,1
557,618,0.5
557,2,0.25
557,306,
557,7,
557,6,1
557,2,0.25
557,28,3
557,54,5
557,619,3
557,36,2
557,17,2
557,620,
558,56,1
558,54,1.5
558,17,1.5
558,36,200
558,23,0.5
558,30,
558,25,0.5
558,2,0.25
558,21,1
558,14,1
558,6,1
558,620,1
559,204,1
559,105,0.3
559,25,0.5
559,23,0.25
559,219,0.5
559,153,
559,621,1
559,622,
559,18,
559,15,1
559,24,2
559,54,2
559,16,1
559,10,1
559,243,1
559,205,1
559,23,0.5
559,25,1
559,163,1
559,219,0.5
560,14,2
560,623,1
560,18,
560,624,
561,45,1.5
561,551,0.5
561,14,1
561,75,4
561,100,4
561,625,0.25
561,322,
561,468,
561,218,
562,226,3
562,176,1
562,28,3
562,163,1
562,74,0.6
562,30,
562,132,1
562,113,3
562,52,
563,2,0.25
563,61,5
563,71,2
563,126,0.5
563,116,1
563,325,5
563,8,1
563,45,1
563,23,0.5
563,24,0.5
563,6,1
563,18,
563,30,
